-- =================================================================
-- MySQL 种子数据 (Docker 初始化后自动执行)
-- 为本地开发和演示提供测试数据
-- =================================================================

USE bigdata_source;

-- ====================== 用户 (20条) ======================
INSERT INTO users (user_id, username, gender, age, city, province, register_time, vip_level, phone) VALUES
('user_00001', '张三', 1, 28, '北京', '北京', '2024-06-15 10:30:00', 3, '13800001001'),
('user_00002', '李四', 2, 35, '上海', '上海', '2024-03-22 14:20:00', 4, '13800001002'),
('user_00003', '王五', 1, 22, '广州', '广东', '2025-01-10 08:15:00', 1, '13800001003'),
('user_00004', '赵六', 2, 45, '深圳', '广东', '2023-12-01 16:45:00', 5, '13800001004'),
('user_00005', '钱七', 1, 31, '杭州', '浙江', '2024-08-05 11:00:00', 2, '13800001005'),
('user_00006', '孙八', 2, 26, '成都', '四川', '2025-02-14 09:30:00', 1, '13800001006'),
('user_00007', '周九', 1, 39, '武汉', '湖北', '2024-05-20 13:45:00', 3, '13800001007'),
('user_00008', '吴十', 2, 29, '南京', '江苏', '2024-11-08 10:15:00', 2, '13800001008'),
('user_00009', '郑一一', 1, 33, '重庆', '重庆', '2024-07-12 15:30:00', 2, '13800001009'),
('user_00010', '冯二二', 2, 41, '西安', '陕西', '2023-09-25 08:00:00', 4, '13800001010'),
('user_00011', '陈三三', 1, 24, '长沙', '湖南', '2025-03-01 12:00:00', 0, '13800001011'),
('user_00012', '褚四四', 2, 37, '苏州', '江苏', '2024-04-18 14:30:00', 3, '13800001012'),
('user_00013', '卫五五', 1, 27, '天津', '天津', '2024-10-06 09:45:00', 1, '13800001013'),
('user_00014', '蒋六六', 2, 50, '郑州', '河南', '2023-08-14 16:00:00', 5, '13800001014'),
('user_00015', '沈七七', 1, 23, '青岛', '山东', '2025-01-28 11:30:00', 0, '13800001015'),
('user_00016', '韩八八', 2, 30, '大连', '辽宁', '2024-09-03 13:15:00', 2, '13800001016'),
('user_00017', '杨九九', 1, 44, '北京', '北京', '2023-11-17 10:00:00', 4, '13800001017'),
('user_00018', '朱十十', 2, 25, '上海', '上海', '2025-02-20 08:45:00', 1, '13800001018'),
('user_00019', '秦一', 1, 36, '广州', '广东', '2024-06-30 15:00:00', 3, '13800001019'),
('user_00020', '尤二', 2, 32, '深圳', '广东', '2024-08-22 12:30:00', 2, '13800001020');

-- ====================== 商品 (15条) ======================
INSERT INTO products (product_id, product_name, category, sub_category, brand, price, cost, status) VALUES
('prod_0001', 'iPhone 16 Pro Max', '数码', '手机', '苹果', 9999.00, 6500.00, 'active'),
('prod_0002', 'MacBook Air M3', '数码', '笔记本', '苹果', 8999.00, 5800.00, 'active'),
('prod_0003', 'AirPods Pro 3', '数码', '耳机', '苹果', 1899.00, 900.00, 'active'),
('prod_0004', '运动速干T恤', '服装', '运动装', '耐克', 299.00, 80.00, 'active'),
('prod_0005', '纯棉休闲裤', '服装', '裤装', '优衣库', 199.00, 60.00, 'active'),
('prod_0006', '三只松鼠坚果礼盒', '食品', '零食', '三只松鼠', 168.00, 75.00, 'active'),
('prod_0007', '精品咖啡豆 1kg', '食品', '饮品', '瑞幸', 128.00, 45.00, 'active'),
('prod_0008', '北欧风台灯', '家居', '照明', '宜家', 349.00, 120.00, 'active'),
('prod_0009', '记忆棉枕头', '家居', '床品', '网易严选', 259.00, 85.00, 'active'),
('prod_0010', '兰蔻小黑瓶精华', '美妆', '护肤', '兰蔻', 890.00, 280.00, 'active'),
('prod_0011', '雅诗兰黛粉底液', '美妆', '彩妆', '雅诗兰黛', 420.00, 150.00, 'active'),
('prod_0012', '跑步鞋 Air Max', '运动', '跑鞋', '耐克', 899.00, 350.00, 'active'),
('prod_0013', '瑜伽垫 6mm', '运动', '健身器材', '迪卡侬', 89.00, 25.00, 'active'),
('prod_0014', '三体全集', '图书', '科幻', '人民文学', 99.00, 35.00, 'active'),
('prod_0015', '婴儿纸尿裤 L码', '母婴', '纸尿裤', '花王', 169.00, 80.00, 'active');

-- ====================== 门店 (8条) ======================
INSERT INTO stores (store_id, store_name, city, province, store_type, open_date, status) VALUES
('store_001', '北京朝阳旗舰店', '北京', '北京', 'flagship', '2022-01-15', 'open'),
('store_002', '上海浦东旗舰店', '上海', '上海', 'flagship', '2022-03-20', 'open'),
('store_003', '广州天河标准店', '广州', '广东', 'standard', '2022-06-10', 'open'),
('store_004', '深圳南山标准店', '深圳', '广东', 'standard', '2022-08-05', 'open'),
('store_005', '杭州西湖标准店', '杭州', '浙江', 'standard', '2023-01-12', 'open'),
('store_006', '成都锦江迷你店', '成都', '四川', 'mini', '2023-04-18', 'open'),
('store_007', '武汉光谷迷你店', '武汉', '湖北', 'mini', '2023-07-22', 'open'),
('store_008', '南京新街口标准店', '南京', '江苏', 'standard', '2023-10-01', 'open');

-- ====================== 订单 (40条, 近7天) ======================
INSERT INTO orders (order_id, user_id, store_id, product_id, quantity, unit_price, total_amount, discount_amount, pay_amount, status, payment_method, city, platform, create_time, pay_time) VALUES
('ord_000001', 'user_00001', 'store_001', 'prod_0001', 1, 9999.00, 9999.00, 500.00, 9499.00, 'completed', 'alipay', '北京', 'app', '2026-03-03 10:15:00', '2026-03-03 10:18:00'),
('ord_000002', 'user_00002', 'store_002', 'prod_0002', 1, 8999.00, 8999.00, 300.00, 8699.00, 'completed', 'wechat', '上海', 'web', '2026-03-03 14:30:00', '2026-03-03 14:35:00'),
('ord_000003', 'user_00003', 'store_003', 'prod_0004', 3, 299.00, 897.00, 50.00, 847.00, 'completed', 'alipay', '广州', 'app', '2026-03-04 09:00:00', '2026-03-04 09:05:00'),
('ord_000004', 'user_00004', 'store_004', 'prod_0010', 2, 890.00, 1780.00, 100.00, 1680.00, 'completed', 'card', '深圳', 'web', '2026-03-04 11:20:00', '2026-03-04 11:22:00'),
('ord_000005', 'user_00005', 'store_005', 'prod_0006', 5, 168.00, 840.00, 40.00, 800.00, 'shipped', 'wechat', '杭州', 'mini_program', '2026-03-04 16:45:00', '2026-03-04 16:48:00'),
('ord_000006', 'user_00006', 'store_006', 'prod_0012', 1, 899.00, 899.00, 0.00, 899.00, 'paid', 'alipay', '成都', 'app', '2026-03-05 08:30:00', '2026-03-05 08:32:00'),
('ord_000007', 'user_00007', 'store_007', 'prod_0014', 2, 99.00, 198.00, 10.00, 188.00, 'completed', 'wechat', '武汉', 'web', '2026-03-05 10:00:00', '2026-03-05 10:03:00'),
('ord_000008', 'user_00008', 'store_008', 'prod_0008', 1, 349.00, 349.00, 0.00, 349.00, 'completed', 'card', '南京', 'app', '2026-03-05 13:15:00', '2026-03-05 13:18:00'),
('ord_000009', 'user_00001', 'store_001', 'prod_0003', 1, 1899.00, 1899.00, 100.00, 1799.00, 'completed', 'alipay', '北京', 'app', '2026-03-05 15:30:00', '2026-03-05 15:33:00'),
('ord_000010', 'user_00009', 'store_001', 'prod_0007', 3, 128.00, 384.00, 20.00, 364.00, 'refunded', 'wechat', '重庆', 'mini_program', '2026-03-06 09:00:00', '2026-03-06 09:05:00'),
('ord_000011', 'user_00010', 'store_002', 'prod_0011', 1, 420.00, 420.00, 0.00, 420.00, 'completed', 'alipay', '西安', 'web', '2026-03-06 10:30:00', '2026-03-06 10:33:00'),
('ord_000012', 'user_00011', 'store_003', 'prod_0005', 2, 199.00, 398.00, 20.00, 378.00, 'completed', 'wechat', '长沙', 'app', '2026-03-06 12:00:00', '2026-03-06 12:04:00'),
('ord_000013', 'user_00012', 'store_004', 'prod_0009', 1, 259.00, 259.00, 0.00, 259.00, 'shipped', 'card', '苏州', 'web', '2026-03-06 14:15:00', '2026-03-06 14:18:00'),
('ord_000014', 'user_00002', 'store_002', 'prod_0001', 1, 9999.00, 9999.00, 800.00, 9199.00, 'completed', 'alipay', '上海', 'app', '2026-03-06 16:30:00', '2026-03-06 16:35:00'),
('ord_000015', 'user_00013', 'store_001', 'prod_0013', 2, 89.00, 178.00, 0.00, 178.00, 'completed', 'wechat', '天津', 'mini_program', '2026-03-07 08:00:00', '2026-03-07 08:03:00'),
('ord_000016', 'user_00014', 'store_005', 'prod_0010', 1, 890.00, 890.00, 50.00, 840.00, 'completed', 'alipay', '郑州', 'app', '2026-03-07 09:30:00', '2026-03-07 09:33:00'),
('ord_000017', 'user_00015', 'store_003', 'prod_0006', 2, 168.00, 336.00, 15.00, 321.00, 'paid', 'wechat', '青岛', 'web', '2026-03-07 11:00:00', '2026-03-07 11:04:00'),
('ord_000018', 'user_00016', 'store_006', 'prod_0015', 3, 169.00, 507.00, 25.00, 482.00, 'completed', 'card', '大连', 'app', '2026-03-07 13:45:00', '2026-03-07 13:48:00'),
('ord_000019', 'user_00017', 'store_001', 'prod_0002', 1, 8999.00, 8999.00, 500.00, 8499.00, 'completed', 'alipay', '北京', 'web', '2026-03-07 15:00:00', '2026-03-07 15:05:00'),
('ord_000020', 'user_00003', 'store_003', 'prod_0012', 1, 899.00, 899.00, 0.00, 899.00, 'refunded', 'wechat', '广州', 'app', '2026-03-07 16:30:00', '2026-03-07 16:33:00'),
('ord_000021', 'user_00018', 'store_002', 'prod_0003', 2, 1899.00, 3798.00, 200.00, 3598.00, 'completed', 'alipay', '上海', 'app', '2026-03-08 08:30:00', '2026-03-08 08:33:00'),
('ord_000022', 'user_00019', 'store_004', 'prod_0004', 4, 299.00, 1196.00, 60.00, 1136.00, 'completed', 'wechat', '广州', 'mini_program', '2026-03-08 09:15:00', '2026-03-08 09:18:00'),
('ord_000023', 'user_00020', 'store_004', 'prod_0008', 2, 349.00, 698.00, 30.00, 668.00, 'shipped', 'card', '深圳', 'web', '2026-03-08 10:00:00', '2026-03-08 10:03:00'),
('ord_000024', 'user_00005', 'store_005', 'prod_0014', 5, 99.00, 495.00, 0.00, 495.00, 'completed', 'wechat', '杭州', 'app', '2026-03-08 11:30:00', '2026-03-08 11:33:00'),
('ord_000025', 'user_00001', 'store_001', 'prod_0010', 1, 890.00, 890.00, 50.00, 840.00, 'completed', 'alipay', '北京', 'app', '2026-03-08 13:00:00', '2026-03-08 13:05:00'),
('ord_000026', 'user_00004', 'store_004', 'prod_0001', 1, 9999.00, 9999.00, 600.00, 9399.00, 'completed', 'card', '深圳', 'web', '2026-03-08 14:30:00', '2026-03-08 14:35:00'),
('ord_000027', 'user_00007', 'store_007', 'prod_0005', 3, 199.00, 597.00, 30.00, 567.00, 'completed', 'wechat', '武汉', 'app', '2026-03-08 16:00:00', '2026-03-08 16:03:00'),
('ord_000028', 'user_00008', 'store_008', 'prod_0011', 1, 420.00, 420.00, 0.00, 420.00, 'paid', 'alipay', '南京', 'mini_program', '2026-03-09 08:00:00', '2026-03-09 08:03:00'),
('ord_000029', 'user_00011', 'store_003', 'prod_0007', 2, 128.00, 256.00, 10.00, 246.00, 'completed', 'wechat', '长沙', 'app', '2026-03-09 09:30:00', '2026-03-09 09:33:00'),
('ord_000030', 'user_00006', 'store_006', 'prod_0009', 1, 259.00, 259.00, 0.00, 259.00, 'completed', 'card', '成都', 'web', '2026-03-09 10:15:00', '2026-03-09 10:18:00'),
('ord_000031', 'user_00002', 'store_002', 'prod_0006', 4, 168.00, 672.00, 35.00, 637.00, 'completed', 'alipay', '上海', 'app', '2026-03-09 11:00:00', '2026-03-09 11:05:00'),
('ord_000032', 'user_00014', 'store_005', 'prod_0012', 1, 899.00, 899.00, 0.00, 899.00, 'refunded', 'wechat', '郑州', 'mini_program', '2026-03-09 12:30:00', '2026-03-09 12:33:00'),
('ord_000033', 'user_00010', 'store_001', 'prod_0002', 1, 8999.00, 8999.00, 400.00, 8599.00, 'completed', 'alipay', '西安', 'web', '2026-03-09 13:45:00', '2026-03-09 13:50:00'),
('ord_000034', 'user_00017', 'store_001', 'prod_0003', 1, 1899.00, 1899.00, 0.00, 1899.00, 'shipped', 'card', '北京', 'app', '2026-03-09 14:30:00', '2026-03-09 14:33:00'),
('ord_000035', 'user_00019', 'store_003', 'prod_0015', 2, 169.00, 338.00, 15.00, 323.00, 'completed', 'wechat', '广州', 'app', '2026-03-09 15:00:00', '2026-03-09 15:03:00'),
('ord_000036', 'user_00012', 'store_004', 'prod_0001', 1, 9999.00, 9999.00, 700.00, 9299.00, 'completed', 'alipay', '苏州', 'web', '2026-03-09 16:00:00', '2026-03-09 16:05:00'),
('ord_000037', 'user_00009', 'store_007', 'prod_0004', 2, 299.00, 598.00, 0.00, 598.00, 'completed', 'wechat', '重庆', 'app', '2026-03-09 17:00:00', '2026-03-09 17:03:00'),
('ord_000038', 'user_00016', 'store_006', 'prod_0013', 1, 89.00, 89.00, 0.00, 89.00, 'completed', 'cash', '大连', 'mini_program', '2026-03-09 18:00:00', NULL),
('ord_000039', 'user_00013', 'store_008', 'prod_0008', 1, 349.00, 349.00, 20.00, 329.00, 'created', 'alipay', '天津', 'app', '2026-03-09 19:00:00', NULL),
('ord_000040', 'user_00015', 'store_005', 'prod_0010', 1, 890.00, 890.00, 45.00, 845.00, 'paid', 'wechat', '青岛', 'web', '2026-03-09 20:00:00', '2026-03-09 20:05:00');
